user_id,governorate,gender
CUST_2497,unknown,UNKNOWN
CUST_1814,unknown,UNKNOWN
CUST_2419,unknown,M
CUST_0379,unknown,M
CUST_2441,unknown,M
CUST_1710,unknown,M
CUST_0742,unknown,M
CUST_2078,unknown,M
CUST_1514,OTHER,M
CUST_2732,unknown,M
CUST_0405,qalyubia,M
CUST_2168,unknown,M
CUST_0848,OTHER,M
CUST_1363,unknown,M
CUST_2794,unknown,M
CUST_0661,giza,M
CUST_0612,OTHER,F
CUST_1712,unknown,M
CUST_1547,OTHER,M
CUST_1515,cairo,M
CUST_2101,OTHER,M
CUST_1554,OTHER,M
CUST_2002,alexandria,M
CUST_0557,OTHER,M
CUST_0001,unknown,M
CUST_2674,OTHER,F
CUST_0995,unknown,M
CUST_0091,unknown,M
CUST_0644,OTHER,M
CUST_2819,OTHER,M
CUST_2631,qalyubia,M
CUST_0585,unknown,M
CUST_0670,giza,M
CUST_0698,unknown,M
CUST_1667,OTHER,M
CUST_1375,OTHER,M
CUST_1456,unknown,M
CUST_1344,unknown,UNKNOWN
CUST_2320,OTHER,M
CUST_0834,giza,M
CUST_2459,sharqia,M
CUST_2660,cairo,M
CUST_1500,unknown,M
CUST_0940,unknown,M
CUST_1427,unknown,M
CUST_1920,unknown,M
CUST_2479,OTHER,M
CUST_1912,OTHER,M
CUST_0843,unknown,M
CUST_2267,qalyubia,M
CUST_2263,cairo,M
CUST_0164,cairo,M
CUST_0755,unknown,M
CUST_0971,unknown,M
CUST_0452,unknown,M
CUST_1856,giza,M
CUST_0174,unknown,UNKNOWN
CUST_0144,unknown,M
CUST_2618,sharqia,M
CUST_2858,unknown,M
CUST_0989,OTHER,M
CUST_1720,unknown,M
CUST_1619,unknown,M
CUST_0434,sharqia,M
CUST_0262,cairo,M
CUST_1020,unknown,M
CUST_2897,giza,M
CUST_1443,OTHER,M
CUST_1626,unknown,M
CUST_1350,OTHER,M
CUST_0702,cairo,M
CUST_2879,unknown,M
CUST_1608,OTHER,M
CUST_2430,unknown,F
CUST_0315,unknown,M
CUST_2851,unknown,F
CUST_0301,cairo,M
CUST_0238,unknown,M
CUST_1241,unknown,M
CUST_0132,unknown,M
CUST_0839,unknown,M
CUST_2881,unknown,M
CUST_0674,unknown,M
CUST_2840,OTHER,M
CUST_0730,cairo,M
CUST_0700,unknown,M
CUST_2261,cairo,M
CUST_0375,giza,M
CUST_2632,OTHER,M
CUST_1317,giza,M
CUST_0177,unknown,M
CUST_0013,unknown,M
CUST_1007,unknown,M
CUST_2113,unknown,M
CUST_2242,unknown,M
CUST_0626,unknown,M
CUST_0506,OTHER,M
CUST_0491,OTHER,M
CUST_0933,OTHER,M
CUST_2182,giza,M
CUST_2458,unknown,M
CUST_1105,unknown,F
CUST_0903,unknown,M
CUST_0631,unknown,M
CUST_1257,OTHER,F
CUST_2396,unknown,M
CUST_0765,cairo,M
CUST_2894,OTHER,F
CUST_0306,unknown,M
CUST_1909,unknown,M
CUST_2177,unknown,M
CUST_2944,unknown,M
CUST_1189,unknown,M
CUST_0031,OTHER,M
CUST_1979,cairo,M
CUST_0861,OTHER,F
CUST_2203,giza,M
CUST_1831,unknown,M
CUST_1099,unknown,M
CUST_1091,unknown,M
CUST_0513,cairo,M
CUST_0987,unknown,F
CUST_1387,unknown,M
CUST_0050,unknown,M
CUST_0468,OTHER,M
CUST_0547,cairo,M
CUST_1964,unknown,M
CUST_1614,OTHER,F
CUST_2871,unknown,M
CUST_2277,OTHER,F
CUST_0082,unknown,M
CUST_2698,unknown,M
CUST_2613,giza,M
CUST_2499,giza,M
CUST_1083,unknown,M
CUST_0058,unknown,M
CUST_1801,OTHER,M
CUST_2946,unknown,M
CUST_1250,OTHER,M
CUST_2099,unknown,M
CUST_0339,unknown,F
CUST_0902,unknown,M
CUST_2547,OTHER,M
CUST_0207,unknown,M
CUST_1473,unknown,M
CUST_1853,unknown,M
CUST_0173,unknown,M
CUST_0068,unknown,M
CUST_0618,unknown,M
CUST_0704,unknown,M
CUST_0330,OTHER,F
CUST_1208,OTHER,M
CUST_1071,giza,M
CUST_0016,unknown,M
CUST_1432,unknown,M
CUST_2552,unknown,M
CUST_0387,unknown,M
CUST_2919,OTHER,F
CUST_0863,unknown,F
CUST_0791,unknown,M
CUST_0692,unknown,M
CUST_1220,unknown,M
CUST_1235,unknown,M
CUST_0699,unknown,M
CUST_0956,unknown,F
CUST_0758,unknown,M
CUST_2009,unknown,UNKNOWN
CUST_1439,unknown,M
CUST_1301,unknown,M
CUST_0684,OTHER,M
CUST_2077,unknown,F
CUST_1674,unknown,M
CUST_1903,unknown,M
CUST_2874,unknown,M
CUST_1425,sharqia,M
CUST_2665,OTHER,M
CUST_2730,OTHER,M
CUST_0536,unknown,F
CUST_1872,unknown,M
CUST_1615,unknown,M
CUST_0187,OTHER,F
CUST_0596,unknown,F
CUST_1917,unknown,M
CUST_2938,OTHER,F
CUST_0186,unknown,M
CUST_0915,giza,M
CUST_1852,OTHER,M
CUST_1121,OTHER,M
CUST_2988,unknown,M
CUST_1695,giza,M
CUST_1254,unknown,M
CUST_1160,unknown,M
CUST_0213,unknown,M
CUST_2649,OTHER,F
CUST_0216,unknown,M
CUST_0709,OTHER,M
CUST_0178,cairo,M
CUST_2014,unknown,M
CUST_1541,cairo,M
CUST_1491,unknown,F
CUST_1173,unknown,M
CUST_1093,unknown,F
CUST_1009,qalyubia,M
CUST_1737,unknown,M
CUST_2791,unknown,F
CUST_2128,unknown,M
CUST_2939,OTHER,F
CUST_2603,unknown,M
CUST_0507,giza,M
CUST_0606,unknown,M
CUST_0913,unknown,F
CUST_0176,unknown,F
CUST_0652,unknown,M
CUST_2816,unknown,M
CUST_2313,unknown,M
CUST_1303,unknown,M
CUST_0610,OTHER,M
CUST_1505,unknown,F
CUST_1825,unknown,M
CUST_0440,unknown,M
CUST_2166,unknown,UNKNOWN
CUST_2982,OTHER,M
CUST_1184,unknown,M
CUST_1797,unknown,M
CUST_1289,cairo,M
CUST_2189,giza,M
CUST_1997,unknown,F
CUST_0712,OTHER,M
CUST_0998,cairo,M
CUST_1837,unknown,M
CUST_2887,unknown,M
CUST_0637,unknown,M
CUST_0629,unknown,M
CUST_0111,unknown,M
CUST_1821,cairo,M
CUST_1460,OTHER,M
CUST_1648,unknown,M
CUST_2659,giza,M
CUST_1528,unknown,M
CUST_0873,unknown,M
CUST_2425,unknown,F
CUST_2350,unknown,M
CUST_1269,unknown,M
CUST_1811,unknown,M
CUST_2866,OTHER,M
CUST_1232,unknown,M
CUST_1953,unknown,F
CUST_0158,unknown,M
CUST_1942,unknown,M
CUST_2299,unknown,M
CUST_1332,unknown,M
CUST_0485,unknown,M
CUST_2276,unknown,M
CUST_2486,OTHER,M
CUST_1986,unknown,M
CUST_2986,unknown,M
CUST_1128,unknown,M
CUST_1212,unknown,M
CUST_0657,unknown,M
CUST_0977,alexandria,M
CUST_0354,unknown,M
CUST_2394,cairo,M
CUST_2481,OTHER,M
CUST_2709,unknown,M
CUST_2810,unknown,M
CUST_2080,unknown,M
CUST_1534,OTHER,F
CUST_1295,unknown,M
CUST_2434,unknown,M
CUST_1504,unknown,M
CUST_2598,unknown,M
CUST_0245,OTHER,F
CUST_2025,unknown,M
CUST_1444,cairo,M
CUST_0871,unknown,M
CUST_1119,cairo,M
CUST_0484,unknown,M
CUST_1803,unknown,M
CUST_1962,OTHER,M
CUST_1567,unknown,M
CUST_1336,unknown,M
CUST_0209,unknown,M
CUST_1818,unknown,M
CUST_2241,unknown,M
CUST_2266,unknown,M
CUST_0290,unknown,M
CUST_2906,unknown,M
CUST_2812,unknown,M
CUST_0809,OTHER,M
CUST_2047,unknown,M
CUST_1602,unknown,M
CUST_0393,giza,M
CUST_2064,unknown,M
CUST_1177,unknown,F
CUST_1941,unknown,M
CUST_2927,unknown,M
CUST_2517,unknown,F
CUST_2569,unknown,M
CUST_2221,OTHER,F
CUST_1192,unknown,M
CUST_2498,unknown,M
CUST_1138,unknown,F
CUST_2628,unknown,M
CUST_2509,unknown,M
CUST_1169,unknown,M
CUST_2576,OTHER,M
CUST_0320,giza,M
CUST_1274,unknown,M
CUST_2867,unknown,M
CUST_2035,OTHER,F
CUST_0498,unknown,M
CUST_2622,unknown,M
CUST_1790,unknown,M
CUST_2606,unknown,F
CUST_0748,sharqia,M
CUST_1475,unknown,M
CUST_1340,unknown,M
CUST_0291,unknown,M
CUST_0137,unknown,F
CUST_1349,unknown,M
CUST_2331,unknown,F
CUST_0530,unknown,M
CUST_1643,unknown,M
CUST_1178,unknown,F
CUST_0841,unknown,M
CUST_2388,OTHER,M
CUST_2929,OTHER,M
CUST_2846,OTHER,M
CUST_0739,unknown,M
CUST_2104,cairo,M
CUST_0736,OTHER,M
CUST_2068,unknown,M
CUST_1858,unknown,F
CUST_1153,giza,M
CUST_2013,unknown,M
CUST_1884,unknown,M
CUST_2372,unknown,M
CUST_0120,unknown,M
CUST_2074,unknown,M
CUST_2564,unknown,M
CUST_0175,unknown,M
CUST_1749,unknown,M
CUST_1377,OTHER,M
CUST_1815,cairo,M
CUST_2766,cairo,M
CUST_2306,OTHER,M
CUST_0341,unknown,F
CUST_1453,OTHER,M
CUST_1546,unknown,M
CUST_1627,unknown,M
CUST_0780,alexandria,M
CUST_0846,giza,M
CUST_0483,unknown,M
CUST_2275,unknown,M
CUST_0482,OTHER,M
CUST_0526,OTHER,M
CUST_1170,OTHER,M
CUST_1563,giza,M
CUST_0763,unknown,M
CUST_2391,OTHER,F
CUST_1386,OTHER,M
CUST_0869,OTHER,F
CUST_1812,unknown,M
CUST_0404,unknown,M
CUST_1663,unknown,F
CUST_2281,unknown,M
CUST_0824,OTHER,F
CUST_1011,unknown,M
CUST_1451,OTHER,M
CUST_1498,OTHER,M
CUST_1312,unknown,M
CUST_1566,OTHER,M
CUST_0462,unknown,M
CUST_2321,sharqia,M
CUST_0771,unknown,M
CUST_0899,unknown,M
CUST_1676,OTHER,M
CUST_2801,OTHER,F
CUST_1575,OTHER,M
CUST_2345,OTHER,M
CUST_0623,unknown,M
CUST_2057,unknown,M
CUST_2210,OTHER,M
CUST_1404,OTHER,M
CUST_0234,OTHER,F
CUST_2758,OTHER,F
CUST_0017,OTHER,M
CUST_0980,cairo,M
CUST_2154,unknown,M
CUST_2296,unknown,F
CUST_1890,unknown,M
CUST_1508,unknown,M
CUST_1848,unknown,F
CUST_1518,unknown,M
CUST_2200,unknown,M
CUST_2669,unknown,M
CUST_2386,unknown,M
CUST_0688,unknown,M
CUST_2111,unknown,M
CUST_1167,unknown,M
CUST_1556,unknown,M
CUST_0271,unknown,M
CUST_2512,OTHER,M
CUST_0071,unknown,M
CUST_1479,unknown,M
CUST_0993,OTHER,F
CUST_0293,unknown,F
CUST_0179,unknown,M
CUST_2873,OTHER,F
CUST_1799,unknown,M
CUST_2765,giza,M
CUST_0324,OTHER,M
CUST_0108,unknown,F
CUST_0705,OTHER,M
CUST_2925,OTHER,M
CUST_2949,OTHER,M
CUST_0544,unknown,M
CUST_1897,unknown,M
CUST_1701,OTHER,M
CUST_0570,unknown,M
CUST_1988,OTHER,F
CUST_0720,sharqia,M
CUST_2220,unknown,F
CUST_0151,unknown,M
CUST_0887,OTHER,M
CUST_1588,cairo,M
CUST_2249,unknown,F
CUST_1043,unknown,F
CUST_0972,unknown,M
CUST_1873,unknown,M
CUST_2213,OTHER,F
CUST_2578,OTHER,M
CUST_0196,unknown,F
CUST_0810,OTHER,F
CUST_0084,unknown,M
CUST_1478,unknown,M
CUST_0424,OTHER,M
CUST_1591,OTHER,F
CUST_0946,OTHER,M
CUST_1364,OTHER,M
CUST_0750,cairo,M
CUST_2483,giza,M
CUST_0389,unknown,M
CUST_0842,unknown,M
CUST_0402,OTHER,M
CUST_0454,OTHER,F
CUST_2020,unknown,F
CUST_1931,OTHER,F
CUST_2286,OTHER,F
CUST_0100,giza,M
CUST_2108,unknown,M
CUST_2287,cairo,M
CUST_1702,OTHER,M
CUST_1593,OTHER,M
CUST_0905,cairo,M
CUST_1469,unknown,UNKNOWN
CUST_1457,unknown,M
CUST_1688,OTHER,M
CUST_2788,cairo,M
CUST_1032,cairo,M
CUST_2635,alexandria,M
CUST_0183,unknown,M
CUST_0097,OTHER,F
CUST_2207,OTHER,F
CUST_2627,cairo,M
CUST_1407,OTHER,F
CUST_1034,unknown,M
CUST_1494,OTHER,M
CUST_1996,OTHER,M
CUST_1944,OTHER,F
CUST_2940,OTHER,F
CUST_2806,unknown,M
CUST_2650,unknown,M
CUST_1843,unknown,UNKNOWN
CUST_0659,cairo,M
CUST_1261,unknown,M
CUST_0966,OTHER,F
CUST_1085,OTHER,M
CUST_0309,giza,M
CUST_1549,unknown,UNKNOWN
CUST_1682,unknown,M
CUST_0449,unknown,M
CUST_2279,unknown,F
CUST_0531,giza,M
CUST_0437,unknown,M
CUST_0745,unknown,M
CUST_1026,unknown,F
CUST_0047,unknown,M
CUST_1975,unknown,F
CUST_0443,unknown,M
CUST_1227,unknown,M
CUST_0968,OTHER,M
CUST_0733,unknown,M
CUST_1562,sharqia,M
CUST_0376,OTHER,M
CUST_2963,unknown,M
CUST_1578,unknown,M
CUST_1836,OTHER,M
CUST_1744,OTHER,M
CUST_2673,OTHER,M
CUST_0769,unknown,M
CUST_2082,alexandria,M
CUST_0773,OTHER,F
CUST_1902,OTHER,F
CUST_0792,unknown,M
CUST_0115,OTHER,M
CUST_2018,unknown,M
CUST_1761,unknown,M
CUST_0430,unknown,M
CUST_0002,unknown,F
CUST_1116,OTHER,F
CUST_0619,unknown,F
CUST_2859,OTHER,M
CUST_0682,unknown,M
CUST_1900,OTHER,F
CUST_2989,cairo,M
CUST_2799,OTHER,M
CUST_0910,unknown,M
CUST_0978,OTHER,F
CUST_0743,unknown,M
CUST_1813,qalyubia,M
CUST_1880,unknown,M
CUST_1697,unknown,M
CUST_0007,unknown,F
CUST_0735,OTHER,M
CUST_2285,unknown,M
CUST_0265,unknown,M
CUST_0640,unknown,M
CUST_0588,unknown,M
CUST_0334,OTHER,M
CUST_1063,unknown,M
CUST_2403,giza,M
CUST_0816,OTHER,F
CUST_1123,unknown,M
CUST_1466,OTHER,M
CUST_0244,cairo,M
CUST_2105,cairo,M
CUST_1898,unknown,M
CUST_2956,unknown,M
CUST_0514,unknown,M
CUST_1955,OTHER,M
CUST_0837,unknown,M
CUST_1089,unknown,M
CUST_1868,unknown,M
CUST_1679,unknown,M
CUST_1012,unknown,M
CUST_1275,unknown,M
CUST_2726,unknown,M
CUST_0215,cairo,M
CUST_2371,unknown,M
CUST_0516,OTHER,F
CUST_1673,OTHER,F
CUST_1431,unknown,M
CUST_2132,unknown,M
CUST_2556,unknown,M
CUST_1244,unknown,M
CUST_1606,unknown,M
CUST_0740,unknown,M
CUST_1421,unknown,M
CUST_0202,cairo,M
CUST_2837,giza,M
CUST_1029,unknown,M
CUST_2910,OTHER,F
CUST_0022,OTHER,M
CUST_1891,OTHER,F
CUST_0475,unknown,M
CUST_0870,unknown,M
CUST_2376,unknown,M
CUST_2475,unknown,M
CUST_0646,unknown,F
CUST_0224,unknown,M
CUST_0242,cairo,M
CUST_1426,unknown,M
CUST_2864,OTHER,M
CUST_0090,unknown,M
CUST_0198,unknown,M
CUST_0678,unknown,M
CUST_1445,OTHER,M
CUST_2784,unknown,M
CUST_2855,cairo,M
CUST_2123,cairo,M
CUST_2342,OTHER,M
CUST_0246,unknown,M
CUST_2185,unknown,M
CUST_1901,OTHER,M
CUST_0973,unknown,M
CUST_1282,cairo,M
CUST_2402,OTHER,M
CUST_0562,giza,M
CUST_2298,cairo,M
CUST_2027,OTHER,M
CUST_2593,unknown,M
CUST_0811,unknown,M
CUST_2888,OTHER,F
CUST_0018,unknown,F
CUST_0113,unknown,M
CUST_1455,unknown,F
CUST_1277,unknown,M
CUST_2770,OTHER,M
CUST_2452,unknown,M
CUST_0133,unknown,M
CUST_0522,OTHER,M
CUST_2176,unknown,M
CUST_2401,unknown,F
CUST_1904,unknown,M
CUST_2153,unknown,M
CUST_2889,unknown,M
CUST_2238,OTHER,M
CUST_2160,unknown,M
CUST_1370,unknown,F
CUST_1202,unknown,M
CUST_0124,OTHER,M
CUST_1711,unknown,UNKNOWN
CUST_2872,OTHER,M
CUST_2028,unknown,F
CUST_2817,unknown,M
CUST_0908,unknown,M
CUST_2096,giza,M
CUST_2731,giza,M
CUST_1497,OTHER,M
CUST_1808,unknown,M
CUST_0429,unknown,M
CUST_2124,OTHER,M
CUST_0772,giza,M
CUST_1628,OTHER,F
CUST_3000,OTHER,F
CUST_2253,unknown,F
CUST_0284,cairo,M
CUST_0451,giza,M
CUST_2060,unknown,M
CUST_1288,OTHER,F
CUST_1610,unknown,M
CUST_2575,OTHER,F
CUST_0154,cairo,M
CUST_0650,unknown,M
CUST_2516,giza,M
CUST_0383,cairo,M
CUST_2912,unknown,M
CUST_0979,unknown,M
CUST_2900,unknown,M
CUST_2149,giza,M
CUST_0356,giza,M
CUST_2109,unknown,M
CUST_0663,unknown,M
CUST_0643,OTHER,M
CUST_2703,giza,M
CUST_0368,unknown,F
CUST_0944,alexandria,M
CUST_0774,unknown,M
CUST_1939,alexandria,M
CUST_1174,OTHER,M
CUST_1318,cairo,M
CUST_0715,unknown,M
CUST_1211,alexandria,M
CUST_2667,unknown,M
CUST_0741,unknown,M
CUST_1936,unknown,M
CUST_0931,OTHER,M
CUST_0948,unknown,M
CUST_0963,unknown,M
CUST_0895,unknown,M
CUST_1995,unknown,M
CUST_1088,unknown,M
CUST_2596,unknown,M
CUST_2905,OTHER,M
CUST_0671,unknown,M
CUST_0012,alexandria,M
CUST_1358,unknown,M
CUST_1489,unknown,M
CUST_0819,unknown,M
CUST_2697,unknown,M
CUST_2891,unknown,M
CUST_1607,OTHER,M
CUST_2535,giza,M
CUST_0247,giza,M
CUST_0269,cairo,M
CUST_0867,unknown,M
CUST_0342,OTHER,M
CUST_1180,unknown,M
CUST_2680,unknown,M
CUST_2648,unknown,M
CUST_1579,unknown,M
CUST_2588,unknown,M
CUST_2245,unknown,M
CUST_0580,unknown,UNKNOWN
CUST_2303,OTHER,F
CUST_1678,unknown,M
CUST_1031,alexandria,M
CUST_0229,qalyubia,M
CUST_2579,unknown,M
CUST_0282,OTHER,M
CUST_2508,unknown,F
CUST_2415,alexandria,M
CUST_2496,unknown,M
CUST_2623,unknown,UNKNOWN
CUST_1540,qalyubia,M
CUST_0363,unknown,M
CUST_1023,unknown,F
CUST_2604,unknown,UNKNOWN
CUST_2246,unknown,M
CUST_2148,alexandria,M
CUST_0881,unknown,M
CUST_2637,unknown,M
CUST_0288,unknown,M
CUST_0458,OTHER,M
CUST_0180,unknown,M
CUST_0589,unknown,M
CUST_1633,unknown,M
CUST_0559,unknown,UNKNOWN
CUST_1273,OTHER,M
CUST_2839,unknown,M
CUST_1417,unknown,UNKNOWN
CUST_0118,unknown,UNKNOWN
CUST_0438,OTHER,F
CUST_2611,unknown,UNKNOWN
CUST_0840,unknown,M
CUST_1281,cairo,M
CUST_2227,unknown,M
CUST_0803,OTHER,M
CUST_0904,OTHER,M
CUST_1070,unknown,F
CUST_2712,unknown,F
CUST_0052,giza,M
CUST_2600,unknown,UNKNOWN
CUST_0880,alexandria,M
CUST_2106,unknown,M
CUST_2544,alexandria,M
CUST_2456,unknown,M
CUST_0801,OTHER,M
CUST_1659,unknown,M
CUST_1985,unknown,M
CUST_2923,unknown,UNKNOWN
CUST_1353,OTHER,M
CUST_2427,unknown,M
CUST_1014,OTHER,M
CUST_2410,giza,M
CUST_0436,OTHER,M
CUST_1122,OTHER,M
CUST_2252,unknown,M
CUST_0591,unknown,M
CUST_1302,unknown,M
CUST_0083,unknown,M
CUST_0796,OTHER,M
CUST_2137,cairo,M
CUST_1482,unknown,M
CUST_1251,cairo,M
CUST_1265,OTHER,M
CUST_2563,giza,M
CUST_0385,OTHER,M
CUST_2265,unknown,M
CUST_1226,giza,M
CUST_2454,sharqia,M
CUST_0391,unknown,M
CUST_0263,OTHER,M
CUST_2162,OTHER,M
CUST_2072,cairo,M
CUST_0845,unknown,M
CUST_0500,alexandria,M
CUST_1103,unknown,M
CUST_2752,unknown,M
CUST_1976,unknown,UNKNOWN
CUST_2086,unknown,M
CUST_0081,unknown,M
CUST_1657,OTHER,M
CUST_2488,giza,M
CUST_0195,unknown,M
CUST_2357,cairo,M
CUST_0862,OTHER,M
CUST_2727,OTHER,M
CUST_1854,unknown,F
CUST_1216,OTHER,F
CUST_1158,giza,M
CUST_2233,unknown,M
CUST_2917,unknown,M
CUST_2636,unknown,M
CUST_1786,unknown,M
CUST_1832,unknown,M
CUST_1911,cairo,M
CUST_1548,unknown,M
CUST_0042,cairo,M
CUST_0423,unknown,M
CUST_0281,unknown,M
CUST_2102,OTHER,M
CUST_0419,giza,M
CUST_1826,OTHER,F
CUST_2562,unknown,M
CUST_2624,sharqia,M
CUST_2347,OTHER,F
CUST_2545,unknown,M
CUST_2672,unknown,M
CUST_1308,cairo,M
CUST_1057,OTHER,M
CUST_0785,unknown,M
CUST_0959,OTHER,M
CUST_0446,unknown,M
CUST_0276,unknown,M
CUST_2017,unknown,M
CUST_0878,OTHER,M
CUST_2439,unknown,M
CUST_0555,OTHER,F
CUST_0441,OTHER,M
CUST_2854,OTHER,M
CUST_0479,giza,M
CUST_0687,unknown,M
CUST_2171,unknown,M
CUST_0150,unknown,M
CUST_0318,unknown,M
CUST_2531,OTHER,M
CUST_0347,OTHER,M
CUST_0828,cairo,M
CUST_0461,unknown,M
CUST_0950,unknown,M
CUST_0147,OTHER,M
CUST_0463,OTHER,M
CUST_0289,OTHER,M
CUST_2272,unknown,M
CUST_1520,OTHER,M
CUST_0853,OTHER,M
CUST_0152,unknown,M
CUST_0030,unknown,M
CUST_2290,OTHER,M
CUST_1822,unknown,M
CUST_0004,unknown,M
CUST_2450,OTHER,F
CUST_1388,unknown,M
CUST_2933,giza,M
CUST_1601,unknown,M
CUST_0607,unknown,M
CUST_0517,unknown,M
CUST_1176,OTHER,F
CUST_1641,unknown,F
CUST_1297,OTHER,F
CUST_1459,unknown,M
CUST_2693,OTHER,M
CUST_2361,cairo,M
CUST_0691,OTHER,M
CUST_2039,unknown,M
CUST_0524,OTHER,M
CUST_2856,unknown,M
CUST_2772,unknown,M
CUST_1583,unknown,M
CUST_2338,unknown,M
CUST_0633,unknown,M
CUST_2964,OTHER,M
CUST_1951,unknown,M
CUST_1262,OTHER,F
CUST_2119,OTHER,F
CUST_0762,OTHER,M
CUST_2831,unknown,M
CUST_0579,OTHER,M
CUST_0033,unknown,M
CUST_2975,unknown,M
CUST_1335,unknown,M
CUST_2847,unknown,M
CUST_2527,unknown,F
CUST_1405,unknown,M
CUST_2165,unknown,M
CUST_2398,unknown,M
CUST_1298,OTHER,M
CUST_0351,qalyubia,M
CUST_0551,unknown,M
CUST_0936,unknown,M
CUST_1339,unknown,M
CUST_1199,OTHER,M
CUST_1115,unknown,M
CUST_2815,OTHER,F
CUST_1402,OTHER,M
CUST_0109,unknown,M
CUST_2797,OTHER,M
CUST_0070,giza,M
CUST_0622,OTHER,M
CUST_1862,unknown,M
CUST_1637,unknown,F
CUST_2586,unknown,M
CUST_2734,unknown,M
CUST_0420,unknown,M
CUST_1945,unknown,M
CUST_1573,OTHER,M
CUST_1559,OTHER,M
CUST_2827,unknown,M
CUST_1653,unknown,M
CUST_2525,unknown,M
CUST_2136,unknown,M
CUST_0106,OTHER,M
CUST_1971,unknown,M
CUST_1150,OTHER,M
CUST_2790,unknown,M
CUST_0300,OTHER,M
CUST_1098,unknown,M
CUST_1186,OTHER,M
CUST_1149,OTHER,M
CUST_1558,cairo,M
CUST_2957,cairo,M
CUST_1015,unknown,M
CUST_2514,unknown,M
CUST_1037,OTHER,M
CUST_2083,unknown,M
CUST_2723,unknown,M
CUST_0025,unknown,M
CUST_0257,unknown,M
CUST_0990,unknown,M
CUST_2187,unknown,F
CUST_0584,unknown,M
CUST_0233,OTHER,F
CUST_0015,unknown,M
CUST_0292,unknown,M
CUST_0275,unknown,M
CUST_1846,OTHER,M
CUST_0232,unknown,M
CUST_1642,unknown,M
CUST_0962,unknown,M
CUST_2863,unknown,M
CUST_1734,unknown,M
CUST_2617,OTHER,M
CUST_1561,OTHER,M
CUST_1574,unknown,M
CUST_1237,cairo,M
CUST_1095,OTHER,F
CUST_1664,unknown,M
CUST_2440,unknown,F
CUST_1048,OTHER,M
CUST_2477,unknown,M
CUST_0832,unknown,M
CUST_2926,cairo,M
CUST_0602,unknown,M
CUST_0953,unknown,M
CUST_0464,unknown,M
CUST_1135,unknown,M
CUST_0675,unknown,M
CUST_1234,unknown,M
CUST_0541,unknown,M
CUST_0490,unknown,M
CUST_2935,unknown,M
CUST_2043,unknown,M
CUST_1738,unknown,M
CUST_2464,unknown,M
CUST_1784,unknown,F
CUST_0822,unknown,M
CUST_1027,unknown,F
CUST_1624,unknown,M
CUST_1850,unknown,M
CUST_1379,unknown,M
CUST_0969,alexandria,M
CUST_1731,qalyubia,M
CUST_2841,unknown,M
CUST_0795,OTHER,M
CUST_1525,cairo,M
CUST_1129,unknown,M
CUST_1878,unknown,M
CUST_1776,unknown,F
CUST_1094,unknown,M
CUST_2140,unknown,M
CUST_1073,unknown,M
CUST_2223,unknown,M
CUST_2278,unknown,M
CUST_2159,unknown,M
CUST_1625,unknown,M
CUST_0882,unknown,M
CUST_2702,unknown,M
CUST_0508,unknown,M
CUST_0337,unknown,F
CUST_2354,unknown,F
CUST_1662,unknown,M
CUST_0085,unknown,M
CUST_1373,unknown,M
CUST_0528,unknown,M
CUST_0093,OTHER,M
CUST_2480,giza,M
CUST_0435,unknown,M
CUST_1631,unknown,M
CUST_1660,OTHER,M
CUST_1382,OTHER,M
CUST_0492,unknown,M
CUST_1376,unknown,F
CUST_2405,unknown,M
CUST_0496,unknown,M
CUST_2519,unknown,M
CUST_1206,unknown,M
CUST_2595,OTHER,M
CUST_0142,unknown,M
CUST_1311,unknown,F
CUST_0353,unknown,M
CUST_1639,unknown,M
CUST_1134,unknown,M
CUST_1844,unknown,F
CUST_1966,unknown,F
CUST_0041,unknown,M
CUST_2197,unknown,M
CUST_2144,unknown,M
CUST_0069,OTHER,F
CUST_2651,unknown,M
CUST_1296,giza,M
CUST_2830,unknown,F
CUST_2849,OTHER,M
CUST_1652,unknown,M
CUST_1842,unknown,M
CUST_1706,unknown,F
CUST_0501,unknown,M
CUST_0314,unknown,M
CUST_2045,unknown,M
CUST_1200,OTHER,M
CUST_2749,OTHER,M
CUST_1714,unknown,F
CUST_0131,unknown,M
CUST_2084,unknown,F
CUST_0312,unknown,M
CUST_2257,OTHER,F
CUST_1522,unknown,M
CUST_2811,OTHER,F
CUST_1743,unknown,M
CUST_0997,cairo,M
CUST_1621,OTHER,F
CUST_0669,unknown,M
CUST_2546,sharqia,M
CUST_2341,unknown,M
CUST_2308,unknown,M
CUST_1926,alexandria,M
CUST_0349,unknown,F
CUST_1863,cairo,M
CUST_1924,unknown,M
CUST_2843,OTHER,M
CUST_1845,unknown,M
CUST_2677,OTHER,F
CUST_1594,unknown,M
CUST_2524,unknown,M
CUST_1691,cairo,M
CUST_1930,cairo,M
CUST_1509,unknown,M
CUST_0539,OTHER,M
CUST_1006,unknown,M
CUST_2340,unknown,M
CUST_1062,unknown,M
CUST_0239,unknown,M
CUST_0558,unknown,M
CUST_2621,OTHER,F
CUST_0117,unknown,F
CUST_0789,unknown,M
CUST_2834,OTHER,M
CUST_1462,unknown,M
CUST_1923,unknown,M
CUST_1913,cairo,M
CUST_0529,unknown,M
CUST_0359,OTHER,F
CUST_2750,unknown,M
CUST_2645,unknown,M
CUST_2071,OTHER,M
CUST_0679,unknown,M
CUST_1726,unknown,M
CUST_2317,unknown,M
CUST_2146,unknown,M
CUST_1225,OTHER,M
CUST_1322,unknown,M
CUST_2821,OTHER,M
CUST_2842,unknown,M
CUST_2880,unknown,M
CUST_1795,unknown,M
CUST_1452,unknown,M
CUST_2348,unknown,M
CUST_0428,unknown,M
CUST_2489,cairo,M
CUST_2446,OTHER,M
CUST_0358,OTHER,M
CUST_0159,OTHER,M
CUST_1864,OTHER,F
CUST_2655,unknown,M
CUST_0710,unknown,M
CUST_0996,unknown,M
CUST_2495,unknown,M
CUST_1553,OTHER,M
CUST_0241,OTHER,M
CUST_2954,OTHER,M
CUST_1781,unknown,F
CUST_0812,OTHER,F
CUST_1255,OTHER,F
CUST_2916,OTHER,M
CUST_0280,unknown,M
CUST_1875,unknown,M
CUST_0049,OTHER,M
CUST_1331,OTHER,M
CUST_1144,unknown,M
CUST_0537,OTHER,M
CUST_2251,unknown,M
CUST_0638,unknown,M
CUST_1146,unknown,M
CUST_1183,unknown,M
CUST_2743,OTHER,M
CUST_1756,unknown,M
CUST_2173,OTHER,M
CUST_0094,unknown,M
CUST_2191,unknown,M
CUST_0732,unknown,M
CUST_0171,unknown,M
CUST_1666,OTHER,M
CUST_2482,cairo,M
CUST_0346,unknown,M
CUST_0046,unknown,M
CUST_1820,unknown,F
CUST_1755,unknown,M
CUST_0418,unknown,M
CUST_0645,unknown,M
CUST_2364,unknown,F
CUST_0287,OTHER,M
CUST_0749,qalyubia,M
CUST_1807,unknown,M
CUST_0566,OTHER,F
CUST_2760,OTHER,M
CUST_2711,OTHER,M
CUST_1325,unknown,M
CUST_1124,unknown,M
CUST_0786,OTHER,M
CUST_2112,unknown,M
CUST_2001,OTHER,F
CUST_1022,giza,M
CUST_1390,giza,M
CUST_2156,OTHER,M
CUST_1197,unknown,F
CUST_1568,OTHER,M
CUST_2471,unknown,M
CUST_2909,unknown,M
CUST_1372,unknown,M
CUST_0833,unknown,M
CUST_2733,OTHER,M
CUST_1805,unknown,M
CUST_1300,unknown,F
CUST_2764,unknown,UNKNOWN
CUST_0470,unknown,M
CUST_2485,unknown,UNKNOWN
CUST_1249,unknown,F
CUST_1268,sharqia,M
CUST_1398,OTHER,F
CUST_2960,OTHER,F
CUST_1600,OTHER,M
CUST_2190,unknown,M
CUST_0480,unknown,M
CUST_1113,cairo,M
CUST_1859,unknown,M
CUST_0719,unknown,M
CUST_2663,unknown,M
CUST_1210,unknown,M
CUST_1389,OTHER,M
CUST_2138,unknown,M
CUST_1442,unknown,M
CUST_2175,unknown,F
CUST_0907,unknown,M
CUST_1717,unknown,M
CUST_0581,unknown,M
CUST_0370,qalyubia,M
CUST_1569,OTHER,F
CUST_2653,unknown,M
CUST_1874,OTHER,F
CUST_2359,unknown,M
CUST_1774,unknown,M
CUST_2762,unknown,M
CUST_1972,cairo,M
CUST_2135,OTHER,M
CUST_0776,unknown,F
CUST_2922,unknown,M
CUST_0348,unknown,M
CUST_1209,unknown,M
CUST_1024,unknown,M
CUST_1512,unknown,M
CUST_1598,OTHER,F
CUST_2369,unknown,M
CUST_0586,unknown,M
CUST_1351,unknown,M
CUST_2585,unknown,M
CUST_0273,unknown,M
CUST_0540,unknown,M
CUST_0983,unknown,M
CUST_2541,unknown,F
CUST_1650,cairo,M
CUST_2437,unknown,F
CUST_2686,unknown,M
CUST_0770,cairo,M
CUST_1496,unknown,M
CUST_0974,OTHER,M
CUST_2528,cairo,M
CUST_1661,OTHER,M
CUST_0075,giza,M
CUST_2355,unknown,M
CUST_1742,unknown,M
CUST_0943,unknown,M
CUST_0326,unknown,M
CUST_0624,unknown,F
CUST_0538,unknown,F
CUST_2076,unknown,M
CUST_0088,unknown,F
CUST_0647,unknown,M
CUST_2198,unknown,M
CUST_2848,unknown,M
CUST_0308,unknown,M
CUST_0546,unknown,M
CUST_2324,cairo,M
CUST_1092,unknown,M
CUST_0571,unknown,F
CUST_0636,unknown,M
CUST_2990,OTHER,M
CUST_1080,unknown,F
CUST_2492,cairo,M
CUST_1982,unknown,M
CUST_0958,unknown,M
CUST_2705,giza,M
CUST_2219,cairo,M
CUST_1960,unknown,M
CUST_1051,OTHER,F
CUST_2186,sharqia,M
CUST_0876,OTHER,F
CUST_1847,unknown,M
CUST_2164,unknown,M
CUST_0054,unknown,M
CUST_0859,OTHER,M
CUST_2920,OTHER,M
CUST_0197,OTHER,M
CUST_0160,cairo,M
CUST_2444,unknown,M
CUST_0864,unknown,F
CUST_1539,unknown,M
CUST_0317,sharqia,M
CUST_1320,unknown,M
CUST_1485,unknown,F
CUST_1165,unknown,M
CUST_2506,unknown,M
CUST_0296,OTHER,M
CUST_2353,unknown,M
CUST_2995,unknown,M
CUST_0852,unknown,M
CUST_2612,unknown,M
CUST_1131,unknown,M
CUST_2363,unknown,M
CUST_1044,unknown,M
CUST_0577,unknown,M
CUST_0410,unknown,M
CUST_1545,unknown,M
CUST_0954,unknown,M
CUST_2915,unknown,M
CUST_1243,unknown,M
CUST_2539,unknown,F
CUST_2735,unknown,M
CUST_0965,unknown,UNKNOWN
CUST_1228,unknown,M
CUST_1151,unknown,M
CUST_1082,OTHER,M
CUST_1506,unknown,M
CUST_1354,cairo,M
CUST_0119,OTHER,M
CUST_0860,cairo,M
CUST_0413,OTHER,M
CUST_1111,OTHER,M
CUST_2114,unknown,M
CUST_2222,unknown,UNKNOWN
CUST_0737,OTHER,M
CUST_0655,unknown,M
CUST_1100,unknown,M
CUST_2323,unknown,M
CUST_1629,OTHER,M
CUST_1168,unknown,M
CUST_2629,unknown,M
CUST_1330,unknown,F
CUST_0304,OTHER,M
CUST_2877,cairo,M
CUST_0073,OTHER,M
CUST_0603,giza,M
CUST_2094,unknown,M
CUST_0444,alexandria,M
CUST_1991,unknown,M
CUST_2695,unknown,M
CUST_2196,giza,M
CUST_1947,OTHER,F
CUST_1586,qalyubia,M
CUST_1865,unknown,M
CUST_0408,unknown,M
CUST_0416,giza,M
CUST_1783,cairo,M
CUST_1721,OTHER,M
CUST_2691,qalyubia,M
CUST_0372,unknown,M
CUST_0044,cairo,M
CUST_0872,cairo,M
CUST_1616,unknown,M
CUST_0563,cairo,M
CUST_1118,unknown,M
CUST_0725,giza,M
CUST_0161,unknown,M
CUST_0128,unknown,M
CUST_1687,OTHER,M
CUST_2409,unknown,F
CUST_1416,unknown,M
CUST_2204,unknown,M
CUST_1590,unknown,M
CUST_0868,unknown,UNKNOWN
CUST_1018,giza,M
CUST_1360,cairo,M
CUST_1483,unknown,M
CUST_2063,unknown,M
CUST_2314,unknown,M
CUST_0066,cairo,M
CUST_2505,giza,M
CUST_1055,OTHER,M
CUST_2884,OTHER,F
CUST_1938,alexandria,M
CUST_1069,unknown,M
CUST_0724,unknown,M
CUST_2722,unknown,UNKNOWN
CUST_1640,unknown,M
CUST_2970,unknown,M
CUST_1287,cairo,M
CUST_1672,unknown,F
CUST_1946,cairo,M
CUST_2029,cairo,M
CUST_0477,sharqia,M
CUST_0415,unknown,M
CUST_2941,cairo,M
CUST_1824,unknown,M
CUST_2643,giza,M
CUST_1584,OTHER,M
CUST_2537,OTHER,M
CUST_0043,giza,M
CUST_1958,unknown,M
CUST_1059,sharqia,M
CUST_1470,unknown,M
CUST_2377,OTHER,M
CUST_2813,unknown,UNKNOWN
CUST_2885,unknown,M
CUST_2721,unknown,M
CUST_1418,unknown,F
CUST_1513,giza,M
CUST_2568,cairo,M
CUST_1894,unknown,F
CUST_0311,unknown,M
CUST_0199,unknown,UNKNOWN
CUST_2418,OTHER,F
CUST_1172,unknown,M
CUST_0858,OTHER,F
CUST_0129,OTHER,M
CUST_0360,unknown,F
CUST_1840,unknown,M
CUST_2066,unknown,UNKNOWN
CUST_1222,qalyubia,M
CUST_0896,alexandria,M
CUST_2115,unknown,F
CUST_2808,unknown,M
CUST_1423,unknown,M
CUST_2130,cairo,M
CUST_2580,unknown,M
CUST_1782,giza,M
CUST_1530,unknown,M
CUST_2518,giza,M
CUST_0270,unknown,UNKNOWN
CUST_0157,cairo,M
CUST_2478,unknown,M
CUST_2561,giza,M
CUST_0122,unknown,M
CUST_1125,OTHER,M
CUST_2594,cairo,M
CUST_0549,unknown,M
CUST_2914,unknown,M
CUST_0955,OTHER,M
CUST_0708,unknown,M
CUST_1400,sharqia,M
CUST_2161,unknown,M
CUST_1984,unknown,M
CUST_0654,unknown,M
CUST_0722,OTHER,M
CUST_1463,giza,M
CUST_0594,OTHER,M
CUST_2385,giza,M
CUST_0432,cairo,M
CUST_2181,cairo,M
CUST_1715,OTHER,M
CUST_1576,OTHER,M
CUST_0474,unknown,M
CUST_2875,cairo,M
CUST_2416,OTHER,M
CUST_1327,unknown,M
CUST_1136,unknown,M
CUST_0970,OTHER,M
CUST_2110,unknown,M
CUST_0193,OTHER,M
CUST_2054,unknown,M
CUST_0627,OTHER,M
CUST_2802,unknown,M
CUST_0272,OTHER,M
CUST_0865,unknown,F
CUST_1764,unknown,M
CUST_1686,sharqia,M
CUST_2302,unknown,F
CUST_1753,qalyubia,M
CUST_0686,giza,M
CUST_0656,unknown,M
CUST_1644,qalyubia,M
CUST_1933,unknown,M
CUST_1552,unknown,M
CUST_2952,unknown,M
CUST_0894,unknown,UNKNOWN
CUST_1665,unknown,M
CUST_1555,OTHER,M
CUST_2023,OTHER,M
CUST_0694,unknown,M
CUST_1571,OTHER,F
CUST_0060,unknown,M
CUST_1925,OTHER,M
CUST_0673,cairo,M
CUST_2699,giza,M
CUST_0163,OTHER,F
CUST_1130,unknown,M
CUST_1651,giza,M
CUST_1708,unknown,M
CUST_1888,OTHER,M
CUST_1403,OTHER,M
CUST_1699,unknown,M
CUST_2991,unknown,M
CUST_1036,OTHER,M
CUST_2566,unknown,M
CUST_0726,OTHER,M
CUST_1326,unknown,M
CUST_2262,unknown,M
CUST_1008,OTHER,M
CUST_0487,OTHER,M
CUST_1934,unknown,M
CUST_2433,unknown,M
CUST_2937,unknown,M
CUST_0210,unknown,M
CUST_2224,OTHER,M
CUST_1978,OTHER,M
CUST_2844,unknown,F
CUST_0201,cairo,M
CUST_0875,unknown,M
CUST_1919,unknown,M
CUST_2931,cairo,M
CUST_0473,unknown,M
CUST_0237,OTHER,M
CUST_0125,unknown,M
CUST_1835,OTHER,M
CUST_2379,unknown,M
CUST_2592,cairo,M
CUST_0879,OTHER,F
CUST_0565,cairo,M
CUST_2921,unknown,M
CUST_1762,unknown,M
CUST_0718,OTHER,F
CUST_2289,unknown,M
CUST_2167,unknown,M
CUST_0696,cairo,M
CUST_1519,OTHER,M
CUST_2911,qalyubia,M
CUST_0020,unknown,M
CUST_0357,unknown,M
CUST_2373,unknown,M
CUST_2461,unknown,M
CUST_1293,unknown,M
CUST_0569,unknown,M
CUST_0976,unknown,M
CUST_0338,OTHER,M
CUST_0476,unknown,M
CUST_1965,unknown,M
CUST_2318,OTHER,M
CUST_0916,unknown,M
CUST_2206,cairo,M
CUST_0512,unknown,M
CUST_0261,unknown,M
CUST_0138,OTHER,M
CUST_2630,unknown,M
CUST_1954,unknown,M
CUST_0038,unknown,M
CUST_0648,giza,M
CUST_1882,unknown,M
CUST_1107,unknown,M
CUST_1592,unknown,M
CUST_2432,unknown,M
CUST_0651,unknown,M
CUST_1921,unknown,M
CUST_0552,unknown,M
CUST_2741,unknown,M
CUST_1620,unknown,M
CUST_2641,OTHER,F
CUST_2993,unknown,M
CUST_0935,cairo,M
CUST_0074,unknown,F
CUST_1187,unknown,M
CUST_0399,unknown,M
CUST_1851,OTHER,M
CUST_1224,unknown,M
CUST_2089,OTHER,M
CUST_0056,unknown,M
CUST_2429,cairo,M
CUST_2010,unknown,M
CUST_2696,giza,M
CUST_2676,OTHER,M
CUST_1221,unknown,F
CUST_2638,unknown,M
CUST_1193,unknown,M
CUST_2383,unknown,M
CUST_0766,unknown,M
CUST_1279,unknown,M
CUST_0662,OTHER,M
CUST_1861,unknown,F
CUST_1021,unknown,M
CUST_1730,unknown,M
CUST_2367,unknown,F
CUST_1645,unknown,M
CUST_1605,unknown,M
CUST_2382,unknown,M
CUST_1655,unknown,M
CUST_2774,unknown,M
CUST_0666,OTHER,F
CUST_1838,unknown,M
CUST_0889,unknown,M
CUST_0400,OTHER,M
CUST_1495,unknown,M
CUST_0123,unknown,F
CUST_0660,OTHER,F
CUST_0412,unknown,M
CUST_1411,cairo,M
CUST_2861,unknown,M
CUST_2892,OTHER,F
CUST_2352,unknown,F
CUST_0267,unknown,M
CUST_1056,unknown,M
CUST_2898,unknown,M
CUST_2829,unknown,F
CUST_2095,OTHER,M
CUST_0592,unknown,M
CUST_2899,OTHER,M
CUST_1201,OTHER,M
CUST_2022,unknown,F
CUST_2997,unknown,M
CUST_1097,unknown,M
CUST_0533,OTHER,M
CUST_0116,unknown,F
CUST_1272,unknown,M
CUST_1981,unknown,M
CUST_2443,unknown,F
CUST_1139,unknown,M
CUST_0818,OTHER,M
CUST_0456,unknown,M
CUST_0374,OTHER,F
CUST_1658,unknown,M
CUST_2142,unknown,M
CUST_0185,unknown,UNKNOWN
CUST_0957,OTHER,M
CUST_2609,OTHER,M
CUST_0080,OTHER,F
CUST_0690,unknown,F
CUST_1718,OTHER,M
CUST_1692,unknown,M
CUST_2560,unknown,M
CUST_0384,unknown,F
CUST_1218,unknown,M
CUST_1441,OTHER,M
CUST_0455,OTHER,F
CUST_0628,giza,M
CUST_1266,OTHER,M
CUST_1294,unknown,M
CUST_2015,unknown,M
CUST_0222,unknown,M
CUST_2134,OTHER,M
CUST_2491,OTHER,M
CUST_2411,unknown,M
CUST_1754,unknown,M
CUST_2208,unknown,M
CUST_2236,unknown,M
CUST_0421,unknown,M
CUST_0024,unknown,M
CUST_0155,unknown,M
CUST_2332,unknown,M
CUST_2070,unknown,M
CUST_0821,unknown,M
CUST_1871,unknown,M
CUST_0096,unknown,F
CUST_2744,unknown,UNKNOWN
CUST_1589,unknown,UNKNOWN
CUST_2003,unknown,M
CUST_0744,unknown,M
CUST_0040,cairo,M
CUST_0439,unknown,M
CUST_1501,unknown,M
CUST_2657,unknown,M
CUST_2950,OTHER,F
CUST_1870,unknown,M
CUST_1488,OTHER,M
CUST_2339,unknown,M
CUST_1450,unknown,M
CUST_1101,cairo,M
CUST_2126,unknown,M
CUST_1214,unknown,M
CUST_1829,OTHER,M
CUST_2998,unknown,M
CUST_2228,unknown,F
CUST_0926,OTHER,F
CUST_0784,unknown,M
CUST_0587,unknown,M
CUST_1905,unknown,M
CUST_0756,unknown,M
CUST_2962,unknown,M
CUST_2679,unknown,F
CUST_0367,OTHER,M
CUST_1182,unknown,M
CUST_1440,unknown,M
CUST_2976,unknown,F
CUST_2467,unknown,M
CUST_0665,unknown,M
CUST_1046,OTHER,M
CUST_2447,unknown,M
CUST_0471,unknown,M
CUST_0909,OTHER,M
CUST_2792,unknown,F
CUST_1102,unknown,F
CUST_0466,OTHER,M
CUST_0426,unknown,M
CUST_2468,unknown,M
CUST_0597,unknown,M
CUST_2573,giza,M
CUST_1490,unknown,M
CUST_0051,unknown,M
CUST_0072,unknown,M
CUST_2327,OTHER,M
CUST_0397,unknown,M
CUST_2822,cairo,M
CUST_0716,OTHER,M
CUST_0888,OTHER,F
CUST_1010,OTHER,M
CUST_1474,unknown,M
CUST_0460,OTHER,M
CUST_2059,unknown,M
CUST_0134,unknown,F
CUST_2644,OTHER,F
CUST_1454,OTHER,M
CUST_1736,unknown,M
CUST_0994,unknown,M
CUST_1307,unknown,M
CUST_0055,unknown,M
CUST_2240,unknown,F
CUST_0906,unknown,M
CUST_1039,OTHER,F
CUST_2040,unknown,M
CUST_1893,OTHER,M
CUST_1596,unknown,M
CUST_0505,OTHER,M
CUST_2958,OTHER,M
CUST_2121,unknown,M
CUST_1385,OTHER,F
CUST_0760,unknown,M
CUST_0382,OTHER,M
CUST_2908,unknown,M
CUST_1823,qalyubia,M
CUST_0614,unknown,M
CUST_2216,unknown,M
CUST_0932,unknown,F
CUST_1492,OTHER,M
CUST_0329,OTHER,M
CUST_1078,OTHER,F
CUST_1430,unknown,M
CUST_2414,OTHER,F
CUST_0820,cairo,M
CUST_1647,alexandria,M
CUST_1447,OTHER,M
CUST_0103,unknown,M
CUST_2599,OTHER,M
CUST_2805,unknown,M
CUST_2413,qalyubia,M
CUST_2326,OTHER,F
CUST_2231,unknown,M
CUST_2521,OTHER,M
CUST_2737,unknown,M
CUST_0642,OTHER,M
CUST_0200,unknown,F
CUST_2243,OTHER,F
CUST_2337,unknown,M
CUST_2504,cairo,M
CUST_0313,OTHER,M
CUST_1998,unknown,M
CUST_2152,OTHER,M
CUST_1740,unknown,M
CUST_0053,unknown,M
CUST_1366,unknown,F
CUST_0575,unknown,M
CUST_1045,unknown,M
CUST_1839,unknown,M
CUST_0392,unknown,F
CUST_2366,OTHER,F
CUST_1052,unknown,M
CUST_2194,OTHER,M
CUST_2091,unknown,M
CUST_2999,unknown,M
CUST_0252,unknown,M
CUST_1159,OTHER,M
CUST_2836,unknown,M
CUST_2247,unknown,F
CUST_2490,unknown,M
CUST_0850,cairo,M
CUST_0489,unknown,M
CUST_1544,unknown,M
CUST_1532,unknown,M
CUST_1396,OTHER,M
CUST_2876,OTHER,M
CUST_2005,unknown,M
CUST_0253,unknown,M
CUST_0891,unknown,M
CUST_2570,unknown,F
CUST_1042,OTHER,M
CUST_0208,OTHER,M
CUST_1434,sharqia,M
CUST_0212,OTHER,F
CUST_2046,unknown,M
CUST_2961,OTHER,F
CUST_2151,OTHER,M
CUST_1910,unknown,F
CUST_0336,unknown,M
CUST_2932,cairo,M
CUST_2577,OTHER,M
CUST_0305,cairo,M
CUST_2804,unknown,M
CUST_0573,unknown,M
CUST_0141,OTHER,M
CUST_2814,OTHER,M
CUST_1681,unknown,M
CUST_0672,unknown,M
CUST_0797,unknown,M
CUST_0727,sharqia,M
CUST_1352,unknown,M
CUST_1551,OTHER,F
CUST_1724,OTHER,M
CUST_0112,OTHER,F
CUST_2728,OTHER,M
CUST_2664,unknown,M
CUST_2974,OTHER,M
CUST_1906,unknown,UNKNOWN
CUST_0599,cairo,M
CUST_1304,OTHER,M
CUST_1369,unknown,F
CUST_1542,unknown,M
CUST_1219,OTHER,F
CUST_2515,OTHER,F
CUST_2860,unknown,M
CUST_2374,OTHER,M
CUST_2715,OTHER,F
CUST_1283,unknown,M
CUST_0172,OTHER,F
CUST_2777,OTHER,M
CUST_0901,unknown,M
CUST_1242,unknown,F
CUST_2163,unknown,M
CUST_0567,unknown,M
CUST_1420,unknown,M
CUST_2291,OTHER,F
CUST_0590,unknown,M
CUST_1680,OTHER,M
CUST_2192,OTHER,M
CUST_0805,unknown,F
CUST_1476,unknown,UNKNOWN
CUST_1285,OTHER,F
CUST_1471,unknown,M
CUST_1329,OTHER,M
CUST_0999,unknown,UNKNOWN
CUST_0340,OTHER,F
CUST_1140,unknown,F
CUST_2399,giza,M
CUST_0701,OTHER,F
CUST_2928,unknown,M
CUST_0918,unknown,M
CUST_0194,unknown,M
CUST_2902,cairo,M
CUST_0897,cairo,M
CUST_2724,unknown,M
CUST_2470,unknown,M
CUST_2510,unknown,M
CUST_2122,unknown,M
CUST_1725,OTHER,F
CUST_1752,unknown,M
CUST_0925,OTHER,M
CUST_2254,unknown,F
CUST_0790,unknown,M
CUST_2745,qalyubia,M
CUST_0641,unknown,M
CUST_1896,unknown,M
CUST_2116,unknown,F
CUST_2346,unknown,M
CUST_2896,OTHER,M
CUST_0992,OTHER,M
CUST_2329,OTHER,M
CUST_2058,unknown,M
CUST_1374,unknown,M
CUST_1732,unknown,M
CUST_0635,cairo,M
CUST_2174,OTHER,F
CUST_0343,unknown,F
CUST_2393,alexandria,M
CUST_2681,unknown,M
CUST_1802,unknown,F
CUST_1690,unknown,M
CUST_2500,qalyubia,M
CUST_0866,unknown,M
CUST_0035,OTHER,M
CUST_1994,unknown,M
CUST_1313,OTHER,M
CUST_2218,unknown,M
CUST_0182,unknown,F
CUST_2412,unknown,M
CUST_1361,OTHER,F
CUST_1502,OTHER,M
CUST_2255,unknown,F
CUST_1075,unknown,F
CUST_0883,OTHER,F
CUST_1437,unknown,F
CUST_0898,unknown,M
CUST_0788,unknown,M
CUST_0550,OTHER,M
CUST_0162,unknown,M
CUST_2736,OTHER,F
CUST_1114,OTHER,M
CUST_1757,OTHER,M
CUST_1899,unknown,M
CUST_0258,OTHER,M
CUST_1581,unknown,M
CUST_2466,unknown,M
CUST_1827,unknown,M
CUST_0793,unknown,M
CUST_1613,unknown,M
CUST_1033,unknown,F
CUST_0130,OTHER,M
CUST_1145,unknown,F
CUST_1538,OTHER,M
CUST_2972,cairo,M
CUST_1747,cairo,M
CUST_1866,unknown,M
CUST_0494,unknown,M
CUST_0929,OTHER,M
CUST_2666,unknown,M
CUST_1739,unknown,M
CUST_2030,OTHER,M
CUST_1587,unknown,M
CUST_1759,OTHER,M
CUST_1763,giza,M
CUST_2476,cairo,M
CUST_2370,OTHER,M
CUST_0003,OTHER,M
CUST_0924,OTHER,M
CUST_0467,unknown,F
CUST_0278,cairo,M
CUST_2202,unknown,M
CUST_2295,unknown,F
CUST_1446,unknown,M
CUST_0914,alexandria,M
CUST_2193,OTHER,M
CUST_1993,unknown,M
CUST_0481,unknown,M
CUST_1163,unknown,M
CUST_2501,unknown,M
CUST_1067,cairo,M
CUST_2992,cairo,M
CUST_2259,sharqia,M
CUST_1510,OTHER,M
CUST_2832,unknown,M
CUST_2768,OTHER,M
CUST_1412,OTHER,M
CUST_1196,unknown,M
CUST_2591,OTHER,M
CUST_0148,OTHER,M
CUST_0697,unknown,M
CUST_2107,unknown,M
CUST_0900,unknown,M
CUST_2118,OTHER,M
CUST_2953,OTHER,M
CUST_2955,unknown,M
CUST_2984,unknown,M
CUST_0255,OTHER,M
CUST_0188,OTHER,M
CUST_1213,unknown,M
CUST_2438,unknown,M
CUST_1205,unknown,M
CUST_0851,OTHER,F
CUST_0099,unknown,M
CUST_2502,unknown,F
CUST_1013,OTHER,F
CUST_2131,unknown,M
CUST_2407,unknown,M
CUST_2692,OTHER,M
CUST_2368,OTHER,M
CUST_0321,unknown,F
CUST_0447,OTHER,M
CUST_1422,unknown,M
CUST_1126,cairo,M
CUST_1577,OTHER,M
CUST_0930,unknown,M
CUST_1777,unknown,M
CUST_2075,cairo,M
CUST_0981,unknown,M
CUST_0754,cairo,M
CUST_2756,unknown,M
CUST_2426,unknown,M
CUST_0939,unknown,F
CUST_0685,OTHER,M
CUST_1879,giza,M
CUST_0023,unknown,M
CUST_0991,cairo,M
CUST_2934,unknown,M
CUST_1077,unknown,M
CUST_1768,unknown,M
CUST_0264,OTHER,M
CUST_1819,unknown,M
CUST_2571,unknown,M
CUST_0613,cairo,M
CUST_2050,alexandria,M
CUST_0975,unknown,M
CUST_1161,giza,M
CUST_2117,unknown,M
CUST_2307,OTHER,M
CUST_2548,unknown,M
CUST_2763,giza,M
CUST_0335,unknown,M
CUST_1480,unknown,M
CUST_0425,unknown,M
CUST_0886,cairo,M
CUST_0302,unknown,M
CUST_1365,giza,M
CUST_2901,OTHER,M
CUST_1685,unknown,M
CUST_2640,unknown,M
CUST_0395,alexandria,M
CUST_1617,unknown,M
CUST_1771,unknown,M
CUST_2322,unknown,M
CUST_2380,giza,M
CUST_0098,alexandria,M
CUST_2529,alexandria,M
CUST_0414,cairo,M
CUST_0847,alexandria,M
CUST_1529,unknown,M
CUST_2865,unknown,M
CUST_2334,giza,M
CUST_2155,giza,M
CUST_1017,unknown,M
CUST_1855,unknown,M
CUST_0615,unknown,F
CUST_1028,OTHER,M
CUST_1112,OTHER,M
CUST_1537,cairo,M
CUST_1857,unknown,F
CUST_1247,OTHER,F
CUST_1557,OTHER,F
CUST_1834,unknown,M
CUST_1974,OTHER,M
CUST_2694,unknown,M
CUST_1932,OTHER,M
CUST_1703,unknown,M
CUST_2710,unknown,M
CUST_0578,unknown,F
CUST_2011,unknown,F
CUST_0949,unknown,M
CUST_2157,unknown,M
CUST_2753,unknown,M
CUST_1380,OTHER,M
CUST_2235,sharqia,M
CUST_1106,OTHER,F
CUST_0401,unknown,M
CUST_1603,unknown,M
CUST_2550,OTHER,M
CUST_1391,cairo,M
CUST_1292,unknown,M
CUST_2795,giza,M
CUST_0502,giza,M
CUST_1585,cairo,M
CUST_1887,unknown,F
CUST_0422,unknown,UNKNOWN
CUST_1397,unknown,F
CUST_2503,unknown,M
CUST_2981,unknown,M
CUST_0064,unknown,M
CUST_0534,unknown,M
CUST_0609,alexandria,M
CUST_2948,unknown,M
CUST_0937,unknown,UNKNOWN
CUST_0707,cairo,M
CUST_1004,OTHER,M
CUST_1087,giza,M
CUST_2271,OTHER,M
CUST_2293,unknown,M
CUST_0274,unknown,M
CUST_0008,OTHER,M
CUST_0617,OTHER,M
CUST_1263,unknown,M
CUST_1722,qalyubia,M
CUST_0032,unknown,M
CUST_0146,OTHER,M
CUST_1683,unknown,F
CUST_0184,OTHER,F
CUST_0560,OTHER,F
CUST_2451,unknown,M
CUST_2397,alexandria,M
CUST_1638,giza,M
CUST_0369,unknown,M
CUST_0653,OTHER,M
CUST_1809,unknown,M
CUST_2424,OTHER,M
CUST_1564,unknown,M
CUST_0783,unknown,M
CUST_2751,unknown,M
CUST_0554,OTHER,M
CUST_2602,unknown,M
CUST_2358,unknown,M
CUST_2356,cairo,M
CUST_1394,OTHER,M
CUST_1408,unknown,M
CUST_2668,cairo,M
CUST_2061,unknown,M
CUST_2967,unknown,M
CUST_2381,OTHER,M
CUST_1410,unknown,M
CUST_0807,unknown,M
CUST_2351,OTHER,M
CUST_2833,giza,M
CUST_1157,giza,M
CUST_2448,cairo,M
CUST_1207,unknown,M
CUST_1016,OTHER,M
CUST_0960,alexandria,M
CUST_2748,unknown,M
CUST_0145,OTHER,M
CUST_0497,unknown,M
CUST_1565,unknown,M
CUST_2688,OTHER,M
CUST_0251,alexandria,M
CUST_0295,alexandria,M
CUST_0625,unknown,M
CUST_2211,unknown,F
CUST_0045,unknown,M
CUST_1689,cairo,M
CUST_0352,unknown,F
CUST_1785,OTHER,M
CUST_1333,unknown,M
CUST_1780,unknown,M
CUST_2965,unknown,M
CUST_1952,OTHER,M
CUST_0254,unknown,M
CUST_0728,cairo,M
CUST_1543,unknown,M
CUST_1654,sharqia,M
CUST_0759,unknown,UNKNOWN
CUST_1198,unknown,F
CUST_2729,OTHER,F
CUST_0493,cairo,M
CUST_1384,OTHER,M
CUST_2422,unknown,M
CUST_0874,OTHER,M
CUST_1256,unknown,M
CUST_2853,unknown,M
CUST_2209,unknown,M
CUST_0495,giza,M
CUST_0568,OTHER,M
CUST_2423,unknown,M
CUST_1286,unknown,M
CUST_2835,unknown,M
CUST_2904,OTHER,M
CUST_1448,OTHER,M
CUST_0747,OTHER,M
CUST_0787,unknown,M
CUST_2088,OTHER,M
CUST_1883,OTHER,F
CUST_1536,unknown,M
CUST_2436,unknown,M
CUST_2601,unknown,M
CUST_2678,OTHER,F
CUST_0941,OTHER,M
CUST_0808,unknown,M
CUST_1066,unknown,M
CUST_2336,sharqia,M
CUST_1765,unknown,M
CUST_0630,cairo,M
CUST_0332,OTHER,M
CUST_2100,unknown,M
CUST_0779,unknown,M
CUST_0065,OTHER,F
CUST_2942,unknown,M
CUST_0380,cairo,M
CUST_2428,unknown,M
CUST_1461,giza,M
CUST_1521,unknown,M
CUST_1989,unknown,M
CUST_2536,sharqia,M
CUST_2316,giza,M
CUST_1406,unknown,M
CUST_1357,unknown,M
CUST_2087,unknown,F
CUST_1164,unknown,M
CUST_0170,unknown,M
CUST_2065,unknown,M
CUST_1889,unknown,M
CUST_1791,unknown,M
CUST_0139,OTHER,M
CUST_1970,unknown,M
CUST_0259,unknown,M
CUST_0988,cairo,M
CUST_2258,OTHER,M
CUST_2608,unknown,M
CUST_0844,unknown,M
CUST_2212,OTHER,M
CUST_1526,OTHER,M
CUST_1907,unknown,M
CUST_0371,unknown,M
CUST_2652,unknown,M
CUST_2704,unknown,M
CUST_0511,unknown,M
CUST_0143,OTHER,M
CUST_2689,unknown,M
CUST_0664,OTHER,M
CUST_1435,unknown,M
CUST_2260,unknown,M
CUST_2778,unknown,M
CUST_2205,sharqia,M
CUST_0621,OTHER,M
CUST_0764,unknown,M
CUST_1516,OTHER,M
CUST_0616,unknown,M
CUST_2584,unknown,M
CUST_1772,OTHER,F
CUST_2304,cairo,M
CUST_2951,unknown,M
CUST_1337,unknown,M
CUST_2785,unknown,M
CUST_0366,unknown,F
CUST_2511,unknown,M
CUST_0450,OTHER,F
CUST_1246,unknown,M
CUST_1259,unknown,M
CUST_1599,unknown,F
CUST_1929,unknown,M
CUST_1895,unknown,M
CUST_1090,giza,M
CUST_0892,unknown,F
CUST_1769,unknown,M
CUST_2264,unknown,M
CUST_2442,unknown,M
CUST_2971,OTHER,M
CUST_0236,OTHER,M
CUST_1393,unknown,M
CUST_2474,sharqia,M
CUST_0319,unknown,M
CUST_2179,unknown,M
CUST_1963,OTHER,M
CUST_1392,unknown,M
CUST_2463,unknown,M
CUST_0277,unknown,M
CUST_1348,OTHER,M
CUST_2362,cairo,M
CUST_0079,unknown,M
CUST_1830,OTHER,M
CUST_1705,unknown,M
CUST_2311,alexandria,M
CUST_0048,unknown,M
CUST_0604,unknown,M
CUST_1258,unknown,M
CUST_2567,unknown,M
CUST_1175,unknown,M
CUST_1959,OTHER,M
CUST_2449,OTHER,M
CUST_2389,OTHER,M
CUST_2237,unknown,M
CUST_2036,unknown,M
CUST_1770,OTHER,M
CUST_1156,OTHER,M
CUST_1309,giza,M
CUST_1867,OTHER,M
CUST_2034,unknown,M
CUST_0355,OTHER,F
CUST_2553,unknown,M
CUST_2055,unknown,M
CUST_0723,cairo,M
CUST_1267,unknown,F
CUST_2895,unknown,F
CUST_2769,OTHER,M
CUST_2234,giza,M
CUST_2274,unknown,M
CUST_1956,unknown,M
CUST_2457,OTHER,M
CUST_0153,unknown,M
CUST_0600,unknown,M
CUST_0835,unknown,M
CUST_0752,OTHER,M
CUST_0548,unknown,M
CUST_2294,unknown,M
CUST_2417,unknown,M
CUST_1383,giza,M
CUST_1231,cairo,M
CUST_0453,unknown,M
CUST_0523,cairo,M
CUST_0942,OTHER,M
CUST_1881,OTHER,M
CUST_2979,OTHER,M
CUST_1937,unknown,M
CUST_2959,OTHER,M
CUST_2820,unknown,M
CUST_0189,unknown,M
CUST_0813,cairo,M
CUST_0849,giza,M
CUST_2767,unknown,M
CUST_2007,unknown,M
CUST_1319,unknown,M
CUST_0206,OTHER,M
CUST_1980,OTHER,F
CUST_0373,unknown,M
CUST_0827,OTHER,M
CUST_1745,OTHER,M
CUST_1892,unknown,F
CUST_1693,unknown,M
CUST_0890,unknown,M
CUST_1481,unknown,M
CUST_1677,OTHER,F
CUST_0101,unknown,M
CUST_0917,unknown,M
CUST_2248,unknown,M
CUST_1419,unknown,M
CUST_1570,unknown,M
CUST_1684,unknown,M
CUST_1342,unknown,F
CUST_1233,unknown,M
CUST_1987,OTHER,F
CUST_1334,OTHER,F
CUST_2250,unknown,M
CUST_1072,unknown,M
CUST_2978,unknown,M
CUST_0219,unknown,M
CUST_0912,unknown,M
CUST_0104,unknown,F
CUST_1948,OTHER,M
CUST_1291,OTHER,M
CUST_2662,unknown,M
CUST_2538,giza,M
CUST_2607,unknown,M
CUST_2312,unknown,M
CUST_0717,unknown,M
CUST_1171,OTHER,M
CUST_1713,unknown,M
CUST_2597,unknown,M
CUST_2725,qalyubia,M
CUST_1503,unknown,F
CUST_1634,unknown,M
CUST_2297,unknown,M
CUST_0350,unknown,M
CUST_2215,unknown,M
CUST_1735,OTHER,F
CUST_1003,unknown,M
CUST_0286,unknown,F
CUST_1194,unknown,M
CUST_1395,unknown,M
CUST_0192,unknown,M
CUST_2375,alexandria,M
CUST_1560,unknown,M
CUST_2062,unknown,M
CUST_2435,unknown,M
CUST_0608,unknown,M
CUST_1636,unknown,M
CUST_0005,OTHER,M
CUST_1215,unknown,M
CUST_1147,unknown,F
CUST_0225,unknown,M
CUST_1260,unknown,M
CUST_1778,unknown,M
CUST_0076,cairo,M
CUST_2513,unknown,M
CUST_2201,unknown,M
CUST_2300,unknown,F
CUST_0227,OTHER,M
CUST_0029,unknown,F
CUST_0757,OTHER,M
CUST_2868,unknown,F
CUST_2024,unknown,F
CUST_0667,OTHER,F
CUST_0798,unknown,M
CUST_1719,unknown,M
CUST_2656,unknown,M
CUST_0167,unknown,M
CUST_0683,cairo,M
CUST_0407,unknown,M
CUST_1622,cairo,M
CUST_2180,unknown,M
CUST_0782,unknown,M
CUST_0268,cairo,M
CUST_0110,unknown,M
CUST_1270,OTHER,M
CUST_2214,unknown,M
CUST_2230,OTHER,M
CUST_0231,unknown,M
CUST_0947,unknown,M
CUST_0620,unknown,M
CUST_2684,unknown,M
CUST_0488,unknown,M
CUST_2150,unknown,M
CUST_0156,OTHER,F
CUST_0583,unknown,F
CUST_2980,OTHER,M
CUST_1531,unknown,F
CUST_1081,unknown,M
CUST_1467,unknown,F
CUST_1611,cairo,M
CUST_0409,unknown,M
CUST_0486,unknown,M
CUST_0731,OTHER,M
CUST_2540,OTHER,M
CUST_2985,OTHER,M
CUST_2845,OTHER,M
CUST_2793,unknown,M
CUST_1378,OTHER,M
CUST_2127,giza,M
CUST_0729,unknown,M
CUST_0136,sharqia,M
CUST_0509,unknown,M
CUST_1524,unknown,M
CUST_0676,OTHER,M
CUST_0802,unknown,M
CUST_2862,OTHER,F
CUST_2141,unknown,M
CUST_2930,cairo,M
CUST_1362,OTHER,F
CUST_0556,unknown,M
CUST_1305,unknown,F
CUST_1002,unknown,M
CUST_0781,OTHER,M
CUST_2460,OTHER,M
CUST_1707,cairo,M
CUST_2687,OTHER,M
CUST_2387,unknown,M
CUST_0535,OTHER,M
CUST_0011,unknown,M
CUST_0543,OTHER,M
CUST_2079,unknown,M
CUST_0855,unknown,F
CUST_0204,OTHER,M
CUST_2335,unknown,M
CUST_1788,unknown,F
CUST_0714,OTHER,M
CUST_1550,unknown,M
CUST_1609,OTHER,F
CUST_0063,OTHER,M
CUST_0777,OTHER,F
CUST_2857,OTHER,M
CUST_1438,unknown,M
CUST_2701,unknown,M
CUST_2532,unknown,M
CUST_2893,OTHER,M
CUST_0279,unknown,M
CUST_2551,unknown,M
CUST_1179,OTHER,F
CUST_2869,unknown,F
CUST_0149,unknown,M
CUST_2936,unknown,M
CUST_1248,OTHER,F
CUST_2803,OTHER,F
CUST_2757,unknown,UNKNOWN
CUST_1977,unknown,M
CUST_2690,unknown,M
CUST_2103,OTHER,M
CUST_2759,unknown,F
CUST_1572,unknown,F
CUST_0166,unknown,M
CUST_1064,unknown,M
CUST_1133,unknown,M
CUST_1618,OTHER,F
CUST_2273,OTHER,M
CUST_0804,unknown,M
CUST_0649,OTHER,M
CUST_1918,unknown,F
CUST_2048,OTHER,M
CUST_0985,OTHER,M
CUST_2421,unknown,M
CUST_0427,OTHER,M
CUST_2983,OTHER,M
CUST_2543,unknown,M
CUST_0632,unknown,M
CUST_2004,OTHER,M
CUST_0250,unknown,M
CUST_2587,giza,M
CUST_1253,unknown,M
CUST_1324,unknown,M
CUST_1675,unknown,M
CUST_0753,cairo,M
CUST_1767,unknown,M
CUST_2232,OTHER,M
CUST_0165,unknown,M
CUST_0893,unknown,M
CUST_0027,unknown,F
CUST_0102,OTHER,F
CUST_2044,unknown,M
CUST_1656,OTHER,M
CUST_1429,OTHER,F
CUST_1885,OTHER,M
CUST_2682,unknown,F
CUST_0034,unknown,M
CUST_1290,OTHER,M
CUST_1950,unknown,M
CUST_2384,OTHER,M
CUST_1345,unknown,M
CUST_2052,OTHER,F
CUST_1582,unknown,M
CUST_2823,unknown,M
CUST_2239,unknown,M
CUST_2319,unknown,M
CUST_2738,OTHER,F
CUST_0885,unknown,M
CUST_2330,unknown,M
CUST_1367,unknown,M
CUST_0203,unknown,M
CUST_1306,unknown,F
CUST_2615,unknown,M
CUST_0243,OTHER,M
CUST_1922,giza,M
CUST_2012,OTHER,F
CUST_2761,unknown,M
CUST_0248,unknown,M
CUST_1096,unknown,M
CUST_0838,OTHER,M
CUST_1271,unknown,M
CUST_2740,cairo,M
CUST_1276,OTHER,M
CUST_0576,unknown,M
CUST_2719,OTHER,F
CUST_2605,unknown,M
CUST_0169,unknown,M
CUST_2771,unknown,F
CUST_1487,unknown,M
CUST_1359,unknown,M
CUST_0605,unknown,M
CUST_0168,OTHER,M
CUST_0298,OTHER,M
CUST_2700,OTHER,M
CUST_0214,unknown,M
CUST_0362,unknown,F
CUST_0952,unknown,M
CUST_1323,unknown,M
CUST_0800,unknown,M
CUST_0135,unknown,M
CUST_2633,unknown,UNKNOWN
CUST_1758,OTHER,F
CUST_1137,unknown,F
CUST_0768,unknown,M
CUST_1716,unknown,UNKNOWN
CUST_0249,unknown,M
CUST_0964,unknown,UNKNOWN
CUST_1148,unknown,F
CUST_0388,OTHER,F
CUST_0086,unknown,M
CUST_0010,cairo,M
CUST_2973,unknown,M
CUST_0746,unknown,UNKNOWN
CUST_0982,unknown,M
CUST_1049,OTHER,M
CUST_2746,unknown,M
CUST_1058,unknown,M
CUST_2465,OTHER,M
CUST_1338,OTHER,M
CUST_0472,unknown,M
CUST_2789,unknown,M
CUST_0857,OTHER,M
CUST_1828,unknown,M
CUST_1943,unknown,M
CUST_0378,unknown,M
CUST_2775,qalyubia,M
CUST_0945,alexandria,M
CUST_2542,OTHER,M
CUST_2626,OTHER,M
CUST_2634,unknown,F
CUST_0039,unknown,M
CUST_2850,OTHER,F
CUST_0327,OTHER,M
CUST_2661,unknown,M
CUST_1117,unknown,M
CUST_2042,unknown,M
CUST_2305,OTHER,M
CUST_2455,unknown,M
CUST_0006,OTHER,F
CUST_1343,unknown,M
CUST_2229,OTHER,F
CUST_1709,giza,M
CUST_2670,unknown,M
CUST_2226,unknown,M
CUST_0923,unknown,F
CUST_2642,unknown,M
CUST_0823,OTHER,M
CUST_0028,unknown,M
CUST_0223,unknown,UNKNOWN
CUST_0799,unknown,M
CUST_0127,unknown,F
CUST_0256,unknown,M
CUST_1969,giza,M
CUST_2883,unknown,M
CUST_1188,OTHER,F
CUST_2720,unknown,M
CUST_2614,unknown,M
CUST_2882,OTHER,F
CUST_0087,unknown,M
CUST_0240,OTHER,F
CUST_1371,OTHER,M
CUST_1284,sharqia,M
CUST_1792,unknown,M
CUST_2826,OTHER,M
CUST_2780,unknown,M
CUST_0218,unknown,M
CUST_2349,unknown,F
CUST_1804,unknown,M
CUST_0634,unknown,M
CUST_0582,unknown,M
CUST_2523,unknown,M
CUST_0817,OTHER,M
CUST_0601,giza,M
CUST_0520,unknown,M
CUST_2343,unknown,F
CUST_2021,unknown,M
CUST_2487,OTHER,M
CUST_1796,unknown,M
CUST_1356,unknown,M
CUST_1060,unknown,M
CUST_1915,OTHER,F
CUST_2706,OTHER,M
CUST_1810,unknown,F
CUST_0721,unknown,M
CUST_1217,OTHER,M
CUST_0140,cairo,M
CUST_1597,unknown,M
CUST_1038,unknown,F
CUST_1949,unknown,M
CUST_1143,unknown,F
CUST_0394,unknown,M
CUST_0518,cairo,M
CUST_0478,OTHER,M
CUST_1035,unknown,M
CUST_2158,unknown,M
CUST_0938,cairo,M
CUST_0316,unknown,UNKNOWN
CUST_1746,unknown,M
CUST_0499,OTHER,M
CUST_1523,cairo,M
CUST_2360,unknown,M
CUST_1787,OTHER,M
CUST_2269,OTHER,M
CUST_1670,cairo,M
CUST_1104,OTHER,M
CUST_1223,unknown,M
CUST_1415,unknown,M
CUST_0092,cairo,M
CUST_0228,unknown,M
CUST_1940,OTHER,M
CUST_2977,OTHER,M
CUST_0230,giza,M
CUST_1499,unknown,M
CUST_1278,giza,M
CUST_0260,OTHER,F
CUST_2188,unknown,F
CUST_0967,OTHER,M
CUST_0503,OTHER,M
CUST_2472,unknown,M
CUST_2646,OTHER,M
CUST_1019,OTHER,M
CUST_2583,unknown,M
CUST_1109,unknown,M
CUST_2038,unknown,M
CUST_1328,OTHER,M
CUST_1779,unknown,M
CUST_2825,OTHER,M
CUST_1833,OTHER,M
CUST_2620,unknown,M
CUST_2170,unknown,M
CUST_0521,unknown,M
CUST_2987,qalyubia,M
CUST_2852,unknown,M
CUST_2582,unknown,M
CUST_2031,unknown,M
CUST_1191,OTHER,M
CUST_1230,OTHER,F
CUST_2097,cairo,M
CUST_1061,unknown,M
CUST_0545,cairo,M
CUST_1436,unknown,UNKNOWN
CUST_2016,cairo,M
CUST_0532,unknown,M
CUST_2754,OTHER,M
CUST_2507,unknown,M
CUST_1748,unknown,M
CUST_2520,giza,M
CUST_1315,unknown,M
CUST_2067,unknown,M
CUST_1068,OTHER,M
CUST_0299,cairo,M
CUST_2776,unknown,M
CUST_1816,unknown,M
CUST_1025,unknown,M
CUST_2328,unknown,M
CUST_2945,unknown,F
CUST_2033,unknown,M
CUST_2739,unknown,M
CUST_2890,unknown,M
CUST_1635,unknown,M
CUST_1698,cairo,M
CUST_1957,cairo,M
CUST_0525,unknown,M
CUST_0021,alexandria,M
CUST_2073,giza,M
CUST_1486,unknown,M
CUST_1649,OTHER,M
CUST_1465,unknown,M
CUST_2282,OTHER,M
CUST_1632,unknown,M
CUST_0884,unknown,M
CUST_1527,unknown,M
CUST_1704,unknown,M
CUST_1967,OTHER,M
CUST_2404,unknown,F
CUST_2406,unknown,M
CUST_2878,unknown,M
CUST_0689,alexandria,M
CUST_1433,unknown,F
CUST_0922,unknown,M
CUST_1141,OTHER,M
CUST_2195,OTHER,M
CUST_0951,unknown,M
CUST_2800,alexandria,M
CUST_1316,OTHER,M
CUST_1120,unknown,M
CUST_2713,unknown,M
CUST_0221,unknown,M
CUST_0761,unknown,M
CUST_0515,cairo,M
CUST_2994,cairo,M
CUST_0390,OTHER,M
CUST_1723,unknown,M
CUST_1733,cairo,M
CUST_0310,OTHER,M
CUST_0381,giza,M
CUST_2041,unknown,M
CUST_1142,cairo,M
CUST_1162,cairo,M
CUST_2400,unknown,M
CUST_2053,OTHER,M
CUST_2742,unknown,F
CUST_2590,unknown,M
CUST_0826,unknown,M
CUST_2225,OTHER,M
CUST_2747,unknown,M
CUST_1990,cairo,M
CUST_2581,unknown,UNKNOWN
CUST_1428,OTHER,F
CUST_1750,unknown,M
CUST_1047,unknown,M
CUST_2947,unknown,M
CUST_0854,cairo,M
CUST_2309,unknown,M
CUST_2639,OTHER,M
CUST_2807,OTHER,M
CUST_1152,unknown,M
CUST_2453,OTHER,F
CUST_0377,unknown,M
CUST_0829,unknown,F
CUST_0205,unknown,M
CUST_0095,unknown,M
CUST_1472,unknown,M
CUST_1076,unknown,M
CUST_1886,unknown,M
CUST_0019,unknown,M
CUST_1727,OTHER,M
CUST_0934,unknown,M
CUST_0831,unknown,M
CUST_2390,giza,M
CUST_0297,OTHER,M
CUST_1729,unknown,M
CUST_1999,qalyubia,M
CUST_0285,OTHER,M
CUST_0009,cairo,M
CUST_0266,unknown,M
CUST_0211,unknown,F
CUST_1671,OTHER,F
CUST_1155,OTHER,M
CUST_1238,cairo,M
CUST_2056,unknown,M
CUST_0345,unknown,M
CUST_2462,unknown,M
CUST_2125,unknown,M
CUST_2966,OTHER,M
CUST_1132,unknown,M
CUST_1154,unknown,F
CUST_2782,OTHER,M
CUST_2798,unknown,M
CUST_0411,unknown,M
CUST_2090,unknown,M
CUST_0703,unknown,M
CUST_2522,cairo,M
CUST_1983,OTHER,F
CUST_0307,unknown,M
CUST_0294,unknown,M
CUST_2006,OTHER,M
CUST_2019,OTHER,M
CUST_0911,unknown,M
CUST_1381,unknown,M
CUST_0469,OTHER,M
CUST_0767,unknown,M
CUST_1869,unknown,M
CUST_1798,unknown,M
CUST_2172,unknown,M
CUST_1806,unknown,M
CUST_0406,OTHER,M
CUST_1239,unknown,M
CUST_2526,unknown,M
CUST_2392,unknown,M
CUST_0121,unknown,M
CUST_2301,giza,M
CUST_2000,cairo,M
CUST_1612,unknown,M
CUST_2184,unknown,M
CUST_0984,OTHER,M
CUST_0920,OTHER,M
CUST_2493,unknown,F
CUST_0814,unknown,M
CUST_2178,unknown,M
CUST_2333,giza,M
CUST_1245,unknown,F
CUST_2589,unknown,M
CUST_0067,unknown,M
CUST_1860,unknown,M
CUST_1789,qalyubia,M
CUST_1668,OTHER,M
CUST_2217,unknown,M
CUST_1927,unknown,M
CUST_0417,unknown,F
CUST_0677,OTHER,M
CUST_2907,unknown,F
CUST_0928,unknown,F
CUST_1166,unknown,M
CUST_2786,unknown,M
CUST_0431,unknown,M
CUST_1321,OTHER,M
CUST_0181,OTHER,F
CUST_2244,OTHER,F
CUST_0114,unknown,M
CUST_0986,unknown,M
CUST_2616,unknown,M
CUST_0061,unknown,M
CUST_2924,unknown,M
CUST_0519,unknown,M
CUST_2288,unknown,M
CUST_2408,sharqia,M
CUST_2292,OTHER,F
CUST_0815,giza,M
CUST_2133,unknown,M
CUST_0527,unknown,F
CUST_2395,OTHER,M
CUST_1341,unknown,F
CUST_2534,OTHER,M
CUST_2008,OTHER,M
CUST_2533,OTHER,M
CUST_2574,unknown,M
CUST_1030,unknown,M
CUST_1511,unknown,M
CUST_1741,unknown,M
CUST_2365,unknown,M
CUST_1079,unknown,M
CUST_2093,unknown,M
CUST_0190,unknown,M
CUST_1236,OTHER,M
CUST_2675,OTHER,M
CUST_2828,unknown,M
CUST_0191,unknown,M
CUST_2781,unknown,F
CUST_2256,unknown,M
CUST_2755,unknown,M
CUST_0235,unknown,M
CUST_0126,unknown,M
CUST_2714,OTHER,M
CUST_0680,unknown,M
CUST_2943,OTHER,M
CUST_2129,unknown,M
CUST_1517,unknown,M
CUST_1229,unknown,M
CUST_2310,unknown,M
CUST_2683,unknown,M
CUST_2779,unknown,M
CUST_0561,OTHER,M
CUST_0504,unknown,M
CUST_0542,unknown,M
CUST_2092,unknown,F
CUST_2671,alexandria,M
CUST_0734,unknown,M
CUST_2903,unknown,M
CUST_0226,unknown,M
CUST_0961,alexandria,M
CUST_2268,OTHER,M
CUST_1477,unknown,M
CUST_0364,unknown,M
CUST_1728,OTHER,F
CUST_2049,OTHER,M
CUST_1084,unknown,F
CUST_0036,unknown,M
CUST_2143,unknown,M
CUST_0711,unknown,M
CUST_0658,unknown,M
CUST_0794,unknown,M
CUST_0778,cairo,M
CUST_0564,cairo,M
CUST_1108,unknown,M
CUST_0806,unknown,M
CUST_2026,unknown,M
CUST_0433,unknown,M
CUST_1507,OTHER,M
CUST_1696,unknown,M
CUST_2796,unknown,M
CUST_1204,giza,M
CUST_1773,unknown,M
CUST_1535,OTHER,M
CUST_1005,unknown,M
CUST_0921,unknown,M
CUST_1203,cairo,M
CUST_0445,unknown,M
CUST_2572,OTHER,M
CUST_1623,unknown,M
CUST_1409,OTHER,M
CUST_2707,unknown,M
CUST_2818,OTHER,F
CUST_1401,OTHER,M
CUST_1849,unknown,M
CUST_2120,unknown,M
CUST_1484,OTHER,M
CUST_0323,unknown,M
CUST_0107,unknown,M
CUST_2969,OTHER,M
CUST_2445,OTHER,M
CUST_2098,unknown,M
CUST_1449,unknown,M
CUST_2032,unknown,M
CUST_2420,unknown,M
CUST_1065,unknown,F
CUST_0105,unknown,M
CUST_2280,unknown,F
CUST_0026,unknown,M
CUST_2199,unknown,M
CUST_1280,cairo,M
CUST_2315,unknown,M
CUST_2783,unknown,M
CUST_0598,unknown,M
CUST_1928,OTHER,F
CUST_2685,qalyubia,M
CUST_2431,unknown,M
CUST_2809,giza,M
CUST_2081,giza,M
CUST_0077,OTHER,M
CUST_1669,unknown,M
CUST_2558,OTHER,M
CUST_1533,unknown,M
CUST_0328,unknown,M
CUST_0611,unknown,M
CUST_2619,giza,M
CUST_2565,OTHER,F
CUST_0459,cairo,M
CUST_0595,unknown,M
CUST_1646,unknown,M
CUST_0465,unknown,M
CUST_1040,OTHER,F
CUST_0303,cairo,M
CUST_0057,unknown,M
CUST_2473,unknown,M
CUST_1775,OTHER,F
CUST_2484,unknown,M
CUST_2647,OTHER,F
CUST_1968,unknown,M
CUST_0877,OTHER,M
CUST_1961,OTHER,F
CUST_0442,OTHER,M
CUST_1264,OTHER,M
CUST_0510,unknown,M
CUST_0553,unknown,M
CUST_0333,unknown,F
CUST_0396,unknown,M
CUST_1580,unknown,M
CUST_1110,unknown,M
CUST_0331,OTHER,M
CUST_0078,unknown,M
CUST_0220,cairo,M
CUST_1595,unknown,M
CUST_2918,unknown,F
CUST_1346,unknown,M
CUST_0919,OTHER,M
CUST_0775,unknown,M
CUST_2717,unknown,M
CUST_0089,OTHER,M
CUST_0706,unknown,M
CUST_1240,unknown,M
CUST_2824,OTHER,M
CUST_1992,unknown,M
CUST_0344,unknown,M
CUST_0593,unknown,M
CUST_2610,unknown,M
CUST_1190,cairo,M
CUST_1751,unknown,M
CUST_2147,OTHER,M
CUST_2968,OTHER,M
CUST_0751,OTHER,M
CUST_0365,OTHER,M
CUST_1908,OTHER,M
CUST_2787,unknown,M
CUST_1413,unknown,UNKNOWN
CUST_1414,OTHER,M
CUST_2654,cairo,M
CUST_1368,OTHER,F
CUST_1347,OTHER,F
CUST_0825,unknown,UNKNOWN
CUST_0361,unknown,M
CUST_2145,alexandria,M
CUST_1399,unknown,M
CUST_1053,OTHER,F
CUST_1185,OTHER,M
CUST_0062,OTHER,M
CUST_1935,OTHER,M
CUST_0457,giza,M
CUST_2085,unknown,M
CUST_1493,unknown,M
CUST_1766,unknown,M
CUST_1355,unknown,M
CUST_0639,unknown,M
CUST_2549,OTHER,M
CUST_2838,unknown,M
CUST_1314,unknown,M
CUST_0572,unknown,M
CUST_2051,OTHER,F
CUST_1424,unknown,M
CUST_1195,unknown,M
CUST_1841,OTHER,M
CUST_2716,unknown,M
CUST_0037,unknown,M
CUST_2870,OTHER,M
CUST_2183,OTHER,M
CUST_1694,OTHER,F
CUST_1050,unknown,F
CUST_0856,unknown,M
CUST_1054,OTHER,M
CUST_2913,unknown,F
CUST_1041,unknown,M
CUST_0403,OTHER,M
CUST_2886,unknown,M
CUST_1700,unknown,M
CUST_0398,OTHER,F
CUST_1876,unknown,M
CUST_2557,unknown,M
CUST_0386,unknown,M
CUST_2325,unknown,M
CUST_1252,unknown,M
CUST_2658,OTHER,M
CUST_2494,cairo,M
CUST_2037,unknown,F
CUST_2773,unknown,M
CUST_0927,unknown,M
CUST_0217,cairo,M
CUST_2069,unknown,M
CUST_1817,unknown,M
CUST_1760,OTHER,M
CUST_1914,OTHER,M
CUST_2555,OTHER,M
CUST_0325,OTHER,M
CUST_2554,unknown,M
CUST_0014,unknown,M
CUST_0713,OTHER,M
CUST_1468,unknown,F
CUST_2559,OTHER,M
CUST_1877,unknown,M
CUST_1181,unknown,M
CUST_1086,giza,M
CUST_2718,cairo,M
CUST_0681,unknown,M
CUST_2378,sharqia,M
CUST_1794,unknown,M
CUST_1973,unknown,F
CUST_1800,unknown,M
CUST_2530,cairo,M
CUST_1458,OTHER,F
CUST_1127,unknown,M
CUST_0448,unknown,M
CUST_1299,cairo,M
CUST_2284,unknown,M
CUST_0283,OTHER,M
CUST_0668,cairo,M
CUST_0574,OTHER,M
CUST_2708,unknown,F
CUST_2270,unknown,M
CUST_2469,unknown,M
CUST_1630,unknown,M
CUST_0322,unknown,UNKNOWN
CUST_0059,unknown,M
CUST_1001,unknown,M
CUST_1604,unknown,M
CUST_2169,unknown,M
CUST_0693,OTHER,M
CUST_2996,OTHER,M
CUST_0836,giza,M
CUST_0738,unknown,UNKNOWN
CUST_1000,OTHER,M
CUST_0695,unknown,M
CUST_2625,unknown,M
CUST_1074,OTHER,M
CUST_0830,unknown,M
CUST_1793,cairo,M
CUST_2283,OTHER,M
CUST_1310,unknown,M
CUST_2139,unknown,M
CUST_2344,giza,M
CUST_1464,cairo,M
CUST_1916,cairo,M
